timestamp,full_name,question_id,question_text,user_answer,correct_answer,is_correct
2025-11-22T09:48:07.561855,Test User,1,What is the capital of France?,C,C,Yes
2025-11-22T09:48:07.561855,Test User,2,Which programming language is known for web development?,C,C,Yes
2025-11-22T09:48:07.561855,Test User,3,What does HTML stand for?,A,A,Yes
2025-11-22T09:48:07.561855,Test User,4,What is 2 + 2?,B,B,Yes
2025-11-22T09:48:07.561855,Test User,5,Which planet is known as the Red Planet?,B,B,Yes
2025-11-22T09:48:31.420807,Lê Tùng Sơn,1,What is the capital of France?,B,C,No
2025-11-22T09:48:31.420807,Lê Tùng Sơn,2,Which programming language is known for web development?,C,C,Yes
2025-11-22T09:48:31.420807,Lê Tùng Sơn,3,What does HTML stand for?,A,A,Yes
2025-11-22T09:48:31.420807,Lê Tùng Sơn,4,What is 2 + 2?,C,B,No
2025-11-22T09:48:31.420807,Lê Tùng Sơn,5,Which planet is known as the Red Planet?,C,B,No
